scene,legacy_pq_percent,merged_pq_percent,refined_pq_percent,refinement_added_points,fragment_before_median_seconds,fragment_after_median_seconds
scene0000_00,16.756557620843278,18.935709763682578,18.935709763682578,0,3.6704671169864014,1.551842236018274
scene0062_00,36.853090241866965,37.0256681078283,37.0256681078283,0,0.1755008979816921,0.08659801300382242
scene0070_00,5.882915173237754,5.882915173237754,6.594982078853046,298,0.5276088579557836,0.21392987197032198
scene0097_00,26.22116402167518,26.22116402167518,26.22116402167518,0,0.19667491799918935,0.09035209001740441
scene0140_00,0.0,0.0,0.0,0,2.325431594043039,0.9583307299762964
scene0200_00,33.31960920306463,33.31960920306463,33.31960920306463,0,0.38056253897957504,0.14828453701920807
scene0347_00,31.587628708950227,31.587628708950227,31.587628708950227,0,0.2841868899995461,0.11705607199110091
scene0400_00,47.751344027839984,47.751344027839984,47.751344027839984,0,0.38524240197148174,0.23569577903253958
scene0590_00,20.216487038653767,21.96240993690953,21.96240993690953,0,0.9026901739998721,0.40140817797509953
scene0645_00,38.55438752827978,39.20048133115554,39.20048133115554,0,1.795336793991737,0.762174449977465
